source_file,source_gcs_uri,destination_folder,destination_gcs_uri,source_page_range,output_category,rejected,rejected_reason,needs_review,needs_review_reason,moved_at,issues,,,,,
tps_survey/TPS_Scanned_2025/Nov 10 2025/Nov10_5.pdf,gs://tps_survey/TPS_Scanned_2025/Nov 10 2025/Nov10_5.pdf,Nov 10 2025,gs://tps_survey/TPS_Scanned_2025_Reorgnized/Nov 10 2025/Nov10_5/2025_Nov10_5_p179.pdf,179-180,normal,FALSE,,FALSE,,2026-10-02 14:40:37.981729+00:00,"re-check says output_category should be 'declined' (content_issue=None, decline_marking='WORD', language_note=None), but manifest has 'normal' | re-check says needs_review should be True but manifest has False",,,,,
tps_survey/TPS_Scanned_2025/Nov 6 2025/Nov6_32.pdf,gs://tps_survey/TPS_Scanned_2025/Nov 6 2025/Nov6_32.pdf,Nov 6 2025,gs://tps_survey/TPS_Scanned_2025_Reorgnized/Nov 6 2025/Nov6_32/2025_Nov6_32_p7.pdf,8-Jul,normal,FALSE,,TRUE,the survey appears to be written in a language other than English,2026-10-02 14:25:41.208218+00:00,re-check says needs_review should be False but manifest has True,,,,,This needs to be reprocessed as the language is in latino but the survey is in english
tps_survey/TPS_Scanned_2025/Nov 6 2025/Nov6_32.pdf,gs://tps_survey/TPS_Scanned_2025/Nov 6 2025/Nov6_32.pdf,Nov 6 2025,gs://tps_survey/TPS_Scanned_2025_Reorgnized/Nov 6 2025/Nov6_32/2025_Nov6_32_p11.pdf,12-Nov,normal,FALSE,,TRUE,the survey appears to be written in a language other than English,2026-10-02 14:25:41.208218+00:00,re-check says needs_review should be False but manifest has True,,,,,
tps_survey/TPS_Scanned_2025/Nov 6 2025/Nov6_36.pdf,gs://tps_survey/TPS_Scanned_2025/Nov 6 2025/Nov6_36.pdf,Nov 6 2025,gs://tps_survey/TPS_Scanned_2025_Reorgnized/Nov 6 2025/Nov6_36/2025_Nov6_36_p61.pdf,61-62,normal,FALSE,,TRUE,the survey appears to be written in a language other than English,2026-10-02 14:32:45.659127+00:00,re-check says needs_review should be False but manifest has True,,,,,
tps_survey/TPS_Scanned_2025/Nov17_11.pdf,gs://tps_survey/TPS_Scanned_2025/Nov17_11.pdf,Nov 17 2025,gs://tps_survey/TPS_Scanned_2025_Reorgnized/Nov 17 2025/Nov17_11/2025_Nov17_11_p77.pdf,77-78,normal,FALSE,,FALSE,,2026-10-02 13:51:13.277305+00:00,re-check says needs_review should be True but manifest has False,,,,,This is a spanish survey but the handwritten answers are in english
tps_survey/TPS_Scanned_2025/Nov 6 2025/Nov6_9.pdf,gs://tps_survey/TPS_Scanned_2025/Nov 6 2025/Nov6_9.pdf,Nov 6 2025,gs://tps_survey/TPS_Scanned_2025_Reorgnized/Nov 6 2025/Nov6_9/2025_Nov6_9_p93.pdf,93-94,normal,FALSE,,FALSE,,2026-10-02 13:51:34.632345+00:00,"re-check says output_category should be 'declined' (content_issue=None, decline_marking='WORD', language_note=None), but manifest has 'normal' | re-check says needs_review should be True but manifest has False",,,,,This is a special case that has decline written on question 24; Need to reprocess
tps_survey/TPS_Scanned_2025/Nov17_12.pdf,gs://tps_survey/TPS_Scanned_2025/Nov17_12.pdf,Nov 17 2025,gs://tps_survey/TPS_Scanned_2025_Reorgnized/Nov 17 2025/Nov17_12/2025_Nov17_12_p37.pdf,37-38,normal,FALSE,,FALSE,,2026-10-02 13:51:14.551729+00:00,re-check says needs_review should be True but manifest has False,,,,,this needs review
tps_survey/TPS_Scanned_2025/Nov17_14.pdf,gs://tps_survey/TPS_Scanned_2025/Nov17_14.pdf,Nov 17 2025,gs://tps_survey/TPS_Scanned_2025_Reorgnized/Nov 17 2025/Nov17_14/2025_Nov17_14_p49.pdf,49-50,normal,FALSE,,FALSE,,2026-10-02 13:51:18.611535+00:00,re-check says needs_review should be True but manifest has False,,,,,this needs review
tps_survey/TPS_Scanned_2025/Nov17_19.pdf,gs://tps_survey/TPS_Scanned_2025/Nov17_19.pdf,Nov 17 2025,gs://tps_survey/TPS_Scanned_2025_Reorgnized/Nov 17 2025/Nov17_19/2025_Nov17_19_p17.pdf,17-18,normal,FALSE,,FALSE,,2026-10-02 13:51:22.839961+00:00,"re-check says output_category should be 'declined' (content_issue=None, decline_marking='WORD', language_note=None), but manifest has 'normal' | re-check says needs_review should be True but manifest has False",,,,,this needs to reprocess
tps_survey/TPS_Scanned_2025/Nov17_16.pdf,gs://tps_survey/TPS_Scanned_2025/Nov17_16.pdf,Nov 17 2025,gs://tps_survey/TPS_Scanned_2025_Reorgnized/Nov 17 2025/Nov17_16/2025_Nov17_16_p31.pdf,31-32,normal,FALSE,,TRUE,the survey appears to be written in a language other than English,2026-10-02 13:51:19.934843+00:00,re-check says needs_review should be False but manifest has True,,,,,"Yes this needs to be false, need reprocess, have the prompt only detect the questions"
tps_survey/TPS_Scanned_2025/Nov17_7.pdf,gs://tps_survey/TPS_Scanned_2025/Nov17_7.pdf,Nov 17 2025,gs://tps_survey/TPS_Scanned_2025_Reorgnized/Nov 17 2025/Nov17_7/2025_Nov17_7_p7.pdf,8-Jul,normal,FALSE,,TRUE,the survey appears to be written in a language other than English,2026-10-02 13:51:09.714125+00:00,"re-check says output_category should be 'declined' (content_issue=None, decline_marking='WORD', language_note='the survey appears to be written in a language other than English'), but manifest has 'normal'",,,,,This need to ask user
tps_survey/TPS_Scanned_2025/Nov17_7.pdf,gs://tps_survey/TPS_Scanned_2025/Nov17_7.pdf,Nov 17 2025,gs://tps_survey/TPS_Scanned_2025_Reorgnized/Nov 17 2025/Nov17_7/2025_Nov17_7_p27.pdf,27-28,normal,FALSE,,FALSE,,2026-10-02 13:51:09.714125+00:00,re-check says needs_review should be True but manifest has False,,,,,this needs review; It is in spanish
tps_survey/TPS_Scanned_2025/Nov3_12.pdf,gs://tps_survey/TPS_Scanned_2025/Nov3_12.pdf,Nov 3 2025,gs://tps_survey/TPS_Scanned_2025_Reorgnized/Nov 3 2025/Nov3_12/2025_Nov3_12_p125.pdf,125-126,normal,FALSE,,FALSE,,2026-10-02 13:50:55.553175+00:00,"re-check says output_category should be 'declined' (content_issue=None, decline_marking='WORD', language_note=None), but manifest has 'normal' | re-check says needs_review should be True but manifest has False",,,,,This is correct
tps_survey/TPS_Scanned_2025/Nov4_2.pdf,gs://tps_survey/TPS_Scanned_2025/Nov4_2.pdf,Nov 4 2025,gs://tps_survey/TPS_Scanned_2025_Reorgnized/Nov 4 2025/Nov4_2/2025_Nov4_2_p69.pdf,69-70,normal,FALSE,,TRUE,the survey appears to be written in a language other than English,2026-10-02 13:50:59.483798+00:00,re-check says needs_review should be False but manifest has True,,,,,"This doesn’t need review, only one answer is in spanish; Need to reprocess"
tps_survey/TPS_Scanned_2025/Oct31_2.pdf,gs://tps_survey/TPS_Scanned_2025/Oct31_2.pdf,Oct 31 2025,gs://tps_survey/TPS_Scanned_2025_Reorgnized/Oct 31 2025/Oct31_2/2025_Oct31_2_p13.pdf,13-14,normal,FALSE,,TRUE,the survey appears to be written in a language other than English,2026-10-02 15:55:34.601733+00:00,re-check says needs_review should be False but manifest has True,,,,,"This is in engslih, reprocess it"