source_gcs_uri,source_page_range
gs://tps_survey/TPS_Scanned_2025/Nov 10 2025/Nov10_5.pdf,179-180
gs://tps_survey/TPS_Scanned_2025/Nov 6 2025/Nov6_32.pdf,7-8
gs://tps_survey/TPS_Scanned_2025/Nov 6 2025/Nov6_32.pdf,11-12
gs://tps_survey/TPS_Scanned_2025/Nov 6 2025/Nov6_36.pdf,61-62
gs://tps_survey/TPS_Scanned_2025/Nov17_11.pdf,77-78
gs://tps_survey/TPS_Scanned_2025/Nov 6 2025/Nov6_9.pdf,93-94
gs://tps_survey/TPS_Scanned_2025/Nov17_12.pdf,37-38
gs://tps_survey/TPS_Scanned_2025/Nov17_14.pdf,49-50
gs://tps_survey/TPS_Scanned_2025/Nov17_19.pdf,17-18
gs://tps_survey/TPS_Scanned_2025/Nov17_16.pdf,31-32
gs://tps_survey/TPS_Scanned_2025/Nov17_7.pdf,27-28
gs://tps_survey/TPS_Scanned_2025/Nov4_2.pdf,69-70
gs://tps_survey/TPS_Scanned_2025/Oct31_2.pdf,13-14
